{"products":[{"id":"0.6612025631280296","qty":1},{"id":"0.16623346651774984","qty":1}],"totalPrice":1,"totalCount":4}